date,validator_index,final_total_reward,proposer_total_reward,attestation_total_reward,sync_total_reward
2022-09-17,1552,0.0,0.0,462767,13951920.0
2022-09-17,1641,0.0,0.0,1149638,35767917.0
2022-09-17,1780,0.0,0.0,1121095,35367795.0
2022-09-17,1815,0.0,0.0,1153073,35653601.0
2022-09-17,2393,0.0,0.0,1142388,35367779.0
2022-09-17,2459,0.0,0.0,1156811,35367779.0
2022-09-17,2618,0.0,0.0,1149783,35282103.0
2022-09-17,2733,0.0,0.0,1149560,34710355.0
2022-09-17,2980,0.0,0.0,-873600,-36225163.0
2022-09-17,3585,0.0,0.0,459148,14295000.0
2022-09-17,4311,0.0,0.0,1153089,35710773.0
2022-09-17,4452,0.0,0.0,1149773,35739351.0
2022-09-17,4553,0.0,0.0,462767,14266410.0
2022-09-17,4652,0.0,0.0,1153173,35567847.0
2022-09-17,5558,0.0,0.0,455441,14295000.0
2022-09-17,5721,0.0,0.0,1156811,35482183.0
2022-09-17,6081,0.0,0.0,462767,14295000.0
2022-09-17,6423,0.0,0.0,459186,14409360.0
2022-09-17,7113,0.0,0.0,1156811,35767917.0
2022-09-17,9460,0.0,0.0,1145778,35625013.0
2022-09-17,9663,0.0,0.0,997293,28766963.0
2022-09-17,10276,0.0,0.0,1153169,35453597.0
2022-09-17,10582,0.0,0.0,1037406,21048119.0
2022-09-17,12612,0.0,0.0,462767,14323590.0
2022-09-17,13016,0.0,0.0,462767,14180640.0
2022-09-17,13539,0.0,0.0,1153182,35453605.0
2022-09-17,13795,0.0,0.0,1139387,35253487.0
2022-09-17,14592,0.0,0.0,1131109,34367589.0
2022-09-17,14700,0.0,0.0,462767,14152050.0
2022-09-17,15061,0.0,0.0,-791600,-36225163.0
2022-09-17,15360,0.0,0.0,1124693,35482127.0
2022-09-17,15893,0.0,0.0,455510,14123460.0
2022-09-17,16366,0.0,0.0,1135659,34738985.0
2022-09-17,17615,0.0,0.0,-873600,-36225163.0
2022-09-17,18502,0.0,0.0,1138732,34738985.0
2022-09-17,18526,0.0,0.0,462767,13980510.0
2022-09-17,18562,0.0,0.0,462767,13951920.0
2022-09-17,19350,0.0,0.0,459246,14323590.0
2022-09-17,19882,0.0,0.0,1142373,35710777.0
2022-09-17,20220,0.0,0.0,-349440,-14495130.0
2022-09-17,21390,0.0,0.0,459186,14123460.0
2022-09-17,21399,0.0,0.0,1112995,34367589.0
2022-09-17,21761,0.0,0.0,459246,14266410.0
2022-09-17,22305,0.0,0.0,462767,13837560.0
2022-09-17,23058,0.0,0.0,1127916,35653605.0
2022-09-17,23286,0.0,0.0,459149,14352180.0
2022-09-17,23410,0.0,0.0,462767,14352180.0
2022-09-17,24730,0.0,0.0,1156811,35396407.0
2022-09-17,25399,0.0,0.0,462767,14237820.0
2022-09-17,25718,0.0,0.0,1142262,34996267.0
2022-09-17,25764,0.0,0.0,1156811,35653605.0
2022-09-17,25807,0.0,0.0,437460,13866150.0
2022-09-17,26657,0.0,0.0,459325,14380770.0
2022-09-17,26892,0.0,0.0,455607,14380770.0
2022-09-17,27032,0.0,0.0,455675,14295000.0
2022-09-17,27666,0.0,0.0,1149652,35424971.0
2022-09-17,28604,0.0,0.0,459325,13723200.0
2022-09-17,29551,0.0,0.0,1149562,34624755.0
2022-09-17,29588,0.0,0.0,1127829,34367589.0
2022-09-17,29704,0.0,0.0,455744,14123460.0
2022-09-17,30228,0.0,0.0,462767,14094870.0
2022-09-17,30817,0.0,0.0,1138417,35081997.0
2022-09-17,31615,0.0,0.0,1156811,35710773.0
2022-09-17,31892,0.0,0.0,1149701,34796197.0
2022-09-17,31902,0.0,0.0,459002,13951920.0
2022-09-17,32705,0.0,0.0,444976,13151400.0
2022-09-17,32845,0.0,0.0,1153175,33510031.0
2022-09-17,33450,0.0,0.0,1138551,34424683.0
2022-09-17,33518,0.0,0.0,447982,12894090.0
2022-09-17,34295,0.0,0.0,1149807,34624703.0
2022-09-17,34762,0.0,0.0,1153175,35253493.0
2022-09-17,34976,0.0,0.0,459186,13494480.0
2022-09-17,35070,0.0,0.0,455444,13494480.0
2022-09-17,35166,0.0,0.0,1156811,35253493.0
2022-09-17,35711,0.0,0.0,459186,14409360.0
2022-09-17,36024,0.0,0.0,1139226,34738985.0
2022-09-17,36408,0.0,0.0,459129,14009100.0
2022-09-17,38213,0.0,0.0,1156811,35310699.0
2022-09-17,38880,0.0,0.0,459256,14237820.0
2022-09-17,38928,0.0,0.0,455617,14295000.0
2022-09-17,39226,0.0,0.0,459325,14409360.0
2022-09-17,39236,0.0,0.0,459246,14409360.0
2022-09-17,39291,0.0,0.0,441637,13751790.0
2022-09-17,39308,0.0,0.0,1146096,35682191.0
2022-09-17,39326,0.0,0.0,462767,14409360.0
2022-09-17,39488,0.0,0.0,459135,14352180.0
2022-09-17,40306,0.0,0.0,451969,14409360.0
2022-09-17,40498,0.0,0.0,441473,13494480.0
2022-09-17,40705,0.0,0.0,459149,14295000.0
2022-09-17,40753,0.0,0.0,1149933,35767917.0
2022-09-17,41148,0.0,0.0,451854,14295000.0
2022-09-17,42186,0.0,0.0,462767,14295000.0
2022-09-17,42451,0.0,0.0,1084381,33367169.0
2022-09-17,42497,0.0,0.0,1153175,35053391.0
2022-09-17,43021,0.0,0.0,451867,14009100.0
2022-09-17,43487,0.0,0.0,1149661,35710769.0
2022-09-17,44065,0.0,0.0,455418,14295000.0
2022-09-17,44597,0.0,0.0,462767,14266410.0
2022-09-17,45157,0.0,0.0,1156811,33824771.0
2022-09-17,45966,0.0,0.0,1138800,35310681.0
2022-09-17,46652,0.0,0.0,462767,14037690.0
2022-09-17,47978,0.0,0.0,1156811,34681863.0
2022-09-17,49857,0.0,0.0,459190,14380770.0
2022-09-17,49946,0.0,0.0,1149854,35710769.0
2022-09-17,50407,0.0,0.0,1099461,34367589.0
2022-09-17,50837,0.0,0.0,1145917,34824803.0
2022-09-17,51131,0.0,0.0,1153249,34824803.0
2022-09-17,51459,0.0,0.0,462767,14380770.0
2022-09-17,52069,0.0,0.0,459054,13980510.0
2022-09-17,52135,0.0,0.0,1153306,35625033.0
2022-09-17,52230,0.0,0.0,445214,14380770.0
2022-09-17,52233,0.0,0.0,1135846,35625033.0
2022-09-17,52515,0.0,0.0,459149,14380770.0
2022-09-17,53662,0.0,0.0,1153292,35567855.0
2022-09-17,54896,0.0,0.0,1142112,35510711.0
2022-09-17,55227,0.0,0.0,459122,14352180.0
2022-09-17,56322,0.0,0.0,459149,13151400.0
2022-09-17,57560,0.0,0.0,448337,14352180.0
2022-09-17,57958,0.0,0.0,1135068,35510711.0
2022-09-17,58024,0.0,0.0,1142451,35510711.0
2022-09-17,58481,0.0,0.0,459168,14323590.0
2022-09-17,59008,0.0,0.0,459128,14295000.0
2022-09-17,59649,0.0,0.0,1094565,31395037.0
2022-09-17,60473,0.0,0.0,1156811,35053405.0
2022-09-17,60484,0.0,0.0,462767,14323590.0
2022-09-17,60723,0.0,0.0,1156811,35710755.0
2022-09-17,61140,0.0,0.0,1153270,35053405.0
2022-09-17,61949,0.0,0.0,1139089,34567575.0
2022-09-17,62037,0.0,0.0,1138603,34567575.0
2022-09-17,62446,0.0,0.0,459186,14295000.0
2022-09-17,62526,0.0,0.0,459186,14295000.0
2022-09-17,62683,0.0,0.0,1138507,34824803.0
2022-09-17,63995,0.0,0.0,459149,14323590.0
2022-09-17,64122,0.0,0.0,1146077,35339235.0
2022-09-17,65112,0.0,0.0,1149664,35224931.0
2022-09-17,65189,0.0,0.0,1142449,35339235.0
2022-09-17,65201,0.0,0.0,462767,14380770.0
2022-09-17,65285,0.0,0.0,1123959,35224931.0
2022-09-17,65304,0.0,0.0,462767,14323590.0
2022-09-17,65986,0.0,0.0,1134621,33138407.0
2022-09-17,66250,0.0,0.0,1132045,35139143.0
2022-09-17,66891,0.0,0.0,1142299,33138407.0
2022-09-17,67277,0.0,0.0,1142375,35139185.0
2022-09-17,68821,0.0,0.0,462767,14009100.0
2022-09-17,68995,0.0,0.0,1145949,34996279.0
2022-09-17,69160,0.0,0.0,459186,14009100.0
2022-09-17,69423,0.0,0.0,462767,14209230.0
2022-09-17,70266,0.0,0.0,1124885,35053387.0
2022-09-17,70513,0.0,0.0,420048,13465890.0
2022-09-17,70717,0.0,0.0,1153182,35510691.0
2022-09-17,71145,0.0,0.0,459246,14123460.0
2022-09-17,71300,0.0,0.0,1153189,35539313.0
2022-09-17,71891,0.0,0.0,1132573,35282073.0
2022-09-17,72703,0.0,0.0,1153306,35539305.0
2022-09-17,73481,0.0,0.0,459148,14237820.0
2022-09-17,73938,0.0,0.0,451531,13437300.0
2022-09-17,75003,0.0,0.0,1149459,35424995.0
2022-09-17,75271,0.0,0.0,455609,13980510.0
2022-09-17,75472,0.0,0.0,452060,13951920.0
2022-09-17,75593,0.0,0.0,1156811,35796507.0
2022-09-17,77542,0.0,0.0,1153293,35739345.0
2022-09-17,78901,0.0,0.0,1120613,29423269.0
2022-09-17,80842,0.0,0.0,1109529,29394773.0
2022-09-17,80990,0.0,0.0,1132376,35482127.0
2022-09-17,81396,0.0,0.0,1142300,35053405.0
2022-09-17,81447,0.0,0.0,459246,14409360.0
2022-09-17,82192,0.0,0.0,1139177,35710755.0
2022-09-17,82257,0.0,0.0,1153270,35710755.0
2022-09-17,83320,0.0,0.0,462767,14323590.0
2022-09-17,83521,0.0,0.0,1149607,35682177.0
2022-09-17,84762,0.0,0.0,459168,14380770.0
2022-09-17,84809,0.0,0.0,1156811,35682177.0
2022-09-17,85570,0.0,0.0,462767,14352180.0
2022-09-17,85581,0.0,0.0,462767,14380770.0
2022-09-17,85652,0.0,0.0,1153181,35224939.0
2022-09-17,85920,0.0,0.0,462767,14266410.0
2022-09-17,85961,0.0,0.0,462767,14295000.0
2022-09-17,86265,0.0,0.0,1146319,35253519.0
2022-09-17,86334,0.0,0.0,462767,14295000.0
2022-09-17,87427,0.0,0.0,462767,14323590.0
2022-09-17,87510,0.0,0.0,462767,14323590.0
2022-09-17,87897,0.0,0.0,462767,14237820.0
2022-09-17,89278,0.0,0.0,441467,14152050.0
2022-09-17,89288,0.0,0.0,462767,14152050.0
2022-09-17,90108,0.0,0.0,1055707,24507301.0
2022-09-17,90158,0.0,0.0,433670,14180640.0
2022-09-17,90374,0.0,0.0,455499,14323590.0
2022-09-17,91914,0.0,0.0,1153152,35425007.0
2022-09-17,92029,0.0,0.0,-349440,-14495130.0
2022-09-17,92264,0.0,0.0,1153249,35282037.0
2022-09-17,92952,0.0,0.0,462767,14152050.0
2022-09-17,93117,0.0,0.0,1128606,34081625.0
2022-09-17,93596,0.0,0.0,462767,14409360.0
2022-09-17,93602,0.0,0.0,1142270,35796507.0
2022-09-17,93676,0.0,0.0,1149610,34824809.0
2022-09-17,93990,0.0,0.0,1149775,35796507.0
2022-09-17,95153,0.0,0.0,1135620,35167767.0
2022-09-17,95349,0.0,0.0,1153392,35253501.0
2022-09-17,95446,0.0,0.0,462767,14123460.0
2022-09-17,96349,0.0,0.0,1138534,35539305.0
2022-09-17,96828,0.0,0.0,462767,14180640.0
2022-09-17,96866,0.0,0.0,1153202,35796485.0
2022-09-17,97638,0.0,0.0,451557,14380770.0
2022-09-17,98089,0.0,0.0,1072610,22592471.0
2022-09-17,99362,0.0,0.0,1149571,35081997.0
2022-09-17,99709,0.0,0.0,462767,13951920.0
2022-09-17,100103,0.0,0.0,459186,14237820.0
2022-09-17,100505,0.0,0.0,1142293,35253493.0
2022-09-17,101710,0.0,0.0,455547,14352180.0
2022-09-17,102006,0.0,0.0,459256,14352180.0
2022-09-17,102345,0.0,0.0,459135,14295000.0
2022-09-17,103434,0.0,0.0,459186,14237820.0
2022-09-17,103797,0.0,0.0,462767,14180640.0
2022-09-17,104084,0.0,0.0,1156811,35424935.0
2022-09-17,104643,0.0,0.0,462767,14123460.0
2022-09-17,104646,0.0,0.0,455398,14180640.0
2022-09-17,105309,0.0,0.0,462767,14180640.0
2022-09-17,105506,0.0,0.0,462767,14295000.0
2022-09-17,105807,0.0,0.0,462767,14295000.0
2022-09-17,106249,0.0,0.0,462767,14209230.0
2022-09-17,106600,0.0,0.0,1138447,35339253.0
2022-09-17,107230,0.0,0.0,1149933,35653605.0
2022-09-17,108754,0.0,0.0,1142065,35796485.0
2022-09-17,109149,0.0,0.0,462767,14237820.0
2022-09-17,109676,0.0,0.0,438033,14352180.0
2022-09-17,110151,0.0,0.0,1149771,34281681.0
2022-09-17,110329,0.0,0.0,1125114,35653627.0
2022-09-17,111472,0.0,0.0,462767,14323590.0
2022-09-17,111524,0.0,0.0,1103288,35339243.0
2022-09-17,111601,0.0,0.0,462767,14237820.0
2022-09-17,111657,0.0,0.0,459186,14180640.0
2022-09-17,111996,0.0,0.0,462767,14295000.0
2022-09-17,112129,0.0,0.0,459129,14180640.0
2022-09-17,112729,0.0,0.0,1121202,35567877.0
2022-09-17,113348,0.0,0.0,462767,14094870.0
2022-09-17,114068,0.0,0.0,462767,14352180.0
2022-09-17,114724,0.0,0.0,1153140,35653601.0
2022-09-17,115172,0.0,0.0,1149595,35710775.0
2022-09-17,115536,0.0,0.0,1145957,35453593.0
2022-09-17,115682,0.0,0.0,1156811,35310645.0
2022-09-17,115921,0.0,0.0,459129,14037690.0
2022-09-17,116319,0.0,0.0,462767,14295000.0
2022-09-17,116322,0.0,0.0,455548,12894090.0
2022-09-17,117036,0.0,0.0,462767,14380770.0
2022-09-17,117239,0.0,0.0,462767,14295000.0
2022-09-17,117393,0.0,0.0,1156811,34424603.0
2022-09-17,117536,0.0,0.0,1149527,35796507.0
2022-09-17,117706,0.0,0.0,462767,14266410.0
2022-09-17,117746,0.0,0.0,455503,14209230.0
2022-09-17,117766,0.0,0.0,1138222,35396429.0
2022-09-17,117905,0.0,0.0,1156811,35224905.0
2022-09-17,118109,0.0,0.0,1156811,35539305.0
2022-09-17,118343,0.0,0.0,1153416,35082009.0
2022-09-17,118373,0.0,0.0,1146139,35396397.0
2022-09-17,119387,0.0,0.0,1153352,35625013.0
2022-09-17,120159,0.0,0.0,462767,14295000.0
2022-09-17,120457,0.0,0.0,1142718,35710781.0
2022-09-17,121942,0.0,0.0,1116887,34824809.0
2022-09-17,122272,0.0,0.0,1006805,17533705.0
2022-09-17,122630,0.0,0.0,462767,13723200.0
2022-09-17,122825,0.0,0.0,1153183,35310639.0
2022-09-17,124041,0.0,0.0,459149,14266410.0
2022-09-17,124711,0.0,0.0,1132324,34767613.0
2022-09-17,125013,0.0,0.0,1145978,35224941.0
2022-09-17,125235,0.0,0.0,1142397,35682175.0
2022-09-17,125851,0.0,0.0,1153352,34967697.0
2022-09-17,126705,0.0,0.0,455511,14066280.0
2022-09-17,127219,0.0,0.0,1149714,35767917.0
2022-09-17,127623,0.0,0.0,462767,14180640.0
2022-09-17,128061,0.0,0.0,1095460,32881249.0
2022-09-17,128784,0.0,0.0,462767,14352180.0
2022-09-17,128992,0.0,0.0,459325,14352180.0
2022-09-17,129196,0.0,0.0,1128862,35224931.0
2022-09-17,129610,0.0,0.0,1142122,35739333.0
2022-09-17,129740,0.0,0.0,1153169,34138797.0
2022-09-17,129827,0.0,0.0,459207,13980510.0
2022-09-17,130169,0.0,0.0,462767,13951920.0
2022-09-17,130215,0.0,0.0,459207,14123460.0
2022-09-17,131064,0.0,0.0,459148,14094870.0
2022-09-17,131185,0.0,0.0,1153179,34996243.0
2022-09-17,131220,0.0,0.0,1149778,35053459.0
2022-09-17,131435,0.0,0.0,1153152,35396429.0
2022-09-17,132513,0.0,0.0,1138327,34881931.0
2022-09-17,132548,0.0,0.0,459256,13980510.0
2022-09-17,132708,0.0,0.0,462767,14066280.0
2022-09-17,132878,0.0,0.0,1153352,34939001.0
2022-09-17,132910,0.0,0.0,1153270,34739069.0
2022-09-17,133463,0.0,0.0,462767,14123460.0
2022-09-17,133666,0.0,0.0,462767,13580250.0
2022-09-17,134248,0.0,0.0,1110828,34939137.0
2022-09-17,135617,0.0,0.0,1128115,35224905.0
2022-09-17,135847,0.0,0.0,433857,14180640.0
2022-09-17,135922,0.0,0.0,412214,8719950.0
2022-09-17,136049,0.0,0.0,459190,14323590.0
2022-09-17,137180,0.0,0.0,462767,14409360.0
2022-09-17,137246,0.0,0.0,1156811,35510739.0
2022-09-17,137427,0.0,0.0,440896,9749190.0
2022-09-17,137596,0.0,0.0,1149530,35710773.0
2022-09-17,137817,0.0,0.0,455617,14295000.0
2022-09-17,138058,0.0,0.0,462767,13866150.0
2022-09-17,138138,0.0,0.0,1153182,34738985.0
2022-09-17,138427,0.0,0.0,459054,14323590.0
2022-09-17,138722,0.0,0.0,1135579,34510431.0
2022-09-17,139349,0.0,0.0,459060,13751790.0
2022-09-17,140505,0.0,0.0,1145976,34996245.0
2022-09-17,141302,0.0,0.0,462767,14352180.0
2022-09-17,141355,0.0,0.0,451730,14380770.0
2022-09-17,142260,0.0,0.0,459207,13923330.0
2022-09-17,142367,0.0,0.0,462767,14152050.0
2022-09-17,142795,0.0,0.0,459122,13780380.0
2022-09-17,142880,0.0,0.0,1145996,34110277.0
2022-09-17,143229,0.0,0.0,1125244,34996233.0
2022-09-17,143273,0.0,0.0,459148,13780380.0
2022-09-17,143603,0.0,0.0,462767,14295000.0
2022-09-17,143662,0.0,0.0,1156811,35081983.0
2022-09-17,143849,0.0,0.0,455549,14295000.0
2022-09-17,144570,0.0,0.0,1153164,34910543.0
2022-09-17,144722,0.0,0.0,462767,14094870.0
2022-09-17,144911,0.0,0.0,448219,14180640.0
2022-09-17,145188,0.0,0.0,462767,14180640.0
2022-09-17,145884,0.0,0.0,455551,13951920.0
2022-09-17,146934,0.0,0.0,1141722,35082009.0
2022-09-17,147481,0.0,0.0,459129,13866150.0
2022-09-17,147703,0.0,0.0,1156811,34510387.0
2022-09-17,148096,0.0,0.0,459135,13951920.0
2022-09-17,148428,0.0,0.0,455539,14009100.0
2022-09-17,148483,0.0,0.0,462767,14123460.0
2022-09-17,148834,0.0,0.0,459325,14066280.0
2022-09-17,148970,0.0,0.0,455693,13894740.0
2022-09-17,149313,0.0,0.0,1141815,35081983.0
2022-09-17,149349,0.0,0.0,1153280,35081983.0
2022-09-17,149449,0.0,0.0,1145693,35081983.0
2022-09-17,149789,0.0,0.0,1039407,17533705.0
2022-09-17,149790,0.0,0.0,411458,8719950.0
2022-09-17,150168,0.0,0.0,448154,8719950.0
2022-09-17,150395,0.0,0.0,1149566,34967697.0
2022-09-17,150721,0.0,0.0,1128529,34967697.0
2022-09-17,150939,0.0,0.0,1156811,35767917.0
2022-09-17,151552,0.0,0.0,1149486,34367485.0
2022-09-17,152668,0.0,0.0,1156811,35539301.0
2022-09-17,153701,0.0,0.0,462767,14237820.0
2022-09-17,153777,0.0,0.0,462767,14094870.0
2022-09-17,154666,0.0,0.0,1131874,35767925.0
2022-09-17,154774,0.0,0.0,1156811,35453597.0
2022-09-17,154779,0.0,0.0,455618,14352180.0
2022-09-17,155128,0.0,0.0,1156811,35767925.0
2022-09-17,155268,0.0,0.0,1142298,35767925.0
2022-09-17,155336,0.0,0.0,448112,14380770.0
2022-09-17,156429,0.0,0.0,1153173,35767925.0
2022-09-17,157205,0.0,0.0,1146324,35767925.0
2022-09-17,157240,0.0,0.0,1153352,35767925.0
2022-09-17,157317,0.0,0.0,459135,14380770.0
2022-09-17,157541,0.0,0.0,1153181,35767925.0
2022-09-17,157866,0.0,0.0,1153179,35510713.0
2022-09-17,159637,0.0,0.0,459190,14295000.0
2022-09-17,159813,0.0,0.0,462767,14295000.0
2022-09-17,160700,0.0,0.0,455748,13923330.0
2022-09-17,162594,0.0,0.0,426130,9749190.0
2022-09-17,162830,0.0,0.0,459256,14380770.0
2022-09-17,163007,0.0,0.0,455814,14380770.0
2022-09-17,163881,0.0,0.0,1149617,35396381.0
2022-09-17,163922,0.0,0.0,459122,13551660.0
2022-09-17,164331,0.0,0.0,1149613,35310687.0
2022-09-17,164694,0.0,0.0,1149590,35310687.0
2022-09-17,165089,0.0,0.0,1153392,34881967.0
2022-09-17,165097,0.0,0.0,441503,14094870.0
2022-09-17,165145,0.0,0.0,1149553,35396377.0
2022-09-17,165228,0.0,0.0,459190,14066280.0
2022-09-17,166328,0.0,0.0,462767,14266410.0
2022-09-17,166664,0.0,0.0,1153280,35167711.0
2022-09-17,166954,0.0,0.0,462767,14295000.0
2022-09-17,168143,0.0,0.0,462767,14295000.0
2022-09-17,168685,0.0,0.0,1149911,34824803.0
2022-09-17,168998,0.0,0.0,459148,14009100.0
2022-09-17,169020,0.0,0.0,459168,14009100.0
2022-09-17,169054,0.0,0.0,462767,14009100.0
2022-09-17,169677,0.0,0.0,1149674,34824803.0
2022-09-17,169823,0.0,0.0,462767,14009100.0
2022-09-17,170941,0.0,0.0,459186,14237820.0
2022-09-17,171418,0.0,0.0,1135550,35539303.0
2022-09-17,171489,0.0,0.0,459149,13866150.0
2022-09-17,171861,0.0,0.0,1149774,35539303.0
2022-09-17,172133,0.0,0.0,462767,14180640.0
2022-09-17,172693,0.0,0.0,1156811,35682183.0
2022-09-17,173927,0.0,0.0,451730,14380770.0
2022-09-17,174490,0.0,0.0,459325,14380770.0
2022-09-17,174531,0.0,0.0,1153079,35767925.0
2022-09-17,175003,0.0,0.0,1156811,35767925.0
2022-09-17,175199,0.0,0.0,1146420,35767925.0
2022-09-17,175252,0.0,0.0,459256,14380770.0
2022-09-17,175351,0.0,0.0,1149678,35767925.0
2022-09-17,175723,0.0,0.0,459131,14180640.0
2022-09-17,175851,0.0,0.0,459019,14180640.0
2022-09-17,176104,0.0,0.0,1135660,35081983.0
2022-09-17,176478,0.0,0.0,1146074,35110589.0
2022-09-17,176690,0.0,0.0,1139387,35224863.0
2022-09-17,177529,0.0,0.0,1149656,35625031.0
2022-09-17,177626,0.0,0.0,459128,14209230.0
2022-09-17,177750,0.0,0.0,1149522,35167763.0
2022-09-17,177858,0.0,0.0,1149510,34910557.0
2022-09-17,177955,0.0,0.0,462767,14266410.0
2022-09-17,178377,0.0,0.0,434040,12236520.0
2022-09-17,178503,0.0,0.0,1149861,35482143.0
2022-09-17,179125,0.0,0.0,1123951,33481447.0
2022-09-17,179705,0.0,0.0,1153169,35825091.0
2022-09-17,179843,0.0,0.0,1153298,35825091.0
2022-09-17,180122,0.0,0.0,1149515,35767925.0
2022-09-17,180646,0.0,0.0,1142541,35825091.0
2022-09-17,180681,0.0,0.0,462767,14437950.0
2022-09-17,180758,0.0,0.0,462767,14437950.0
2022-09-17,181078,0.0,0.0,1128654,35825091.0
2022-09-17,181304,0.0,0.0,451557,14380770.0
2022-09-17,181346,0.0,0.0,462767,14380770.0
2022-09-17,182586,0.0,0.0,1156811,35767925.0
2022-09-17,182612,0.0,0.0,1145471,35767925.0
2022-09-17,183021,0.0,0.0,462767,14437950.0
2022-09-17,183191,0.0,0.0,462767,14152050.0
2022-09-17,183219,0.0,0.0,455513,14209230.0
2022-09-17,184447,0.0,0.0,1132214,35453539.0
2022-09-17,185676,0.0,0.0,1124781,34967697.0
2022-09-17,185799,0.0,0.0,462767,14123460.0
2022-09-17,186580,0.0,0.0,1153198,34739051.0
2022-09-17,186619,0.0,0.0,444892,14352180.0
2022-09-17,187147,0.0,0.0,1149542,35453597.0
2022-09-17,188445,0.0,0.0,1149760,35081973.0
2022-09-17,189110,0.0,0.0,430425,11550360.0
2022-09-17,189432,0.0,0.0,462767,12608190.0
2022-09-17,190053,0.0,0.0,455552,13122810.0
2022-09-17,190366,0.0,0.0,1092118,34824809.0
2022-09-17,190454,0.0,0.0,451875,14295000.0
2022-09-17,190977,0.0,0.0,1153270,35081983.0
2022-09-17,191551,0.0,0.0,1149723,35825091.0
2022-09-17,192387,0.0,0.0,462767,14380770.0
2022-09-17,192861,0.0,0.0,1156811,35825091.0
2022-09-17,193931,0.0,0.0,462767,14237820.0
2022-09-17,194430,0.0,0.0,1131765,29708695.0
2022-09-17,194670,0.0,0.0,462767,14209230.0
2022-09-17,194903,0.0,0.0,1153169,35167805.0
2022-09-17,194973,0.0,0.0,462767,14352180.0
2022-09-17,195014,0.0,0.0,1156811,35739351.0
2022-09-17,195161,0.0,0.0,1145946,35539261.0
2022-09-17,195367,0.0,0.0,1153198,35567879.0
2022-09-17,195573,0.0,0.0,1153352,35310649.0
2022-09-17,195797,0.0,0.0,1132005,35139155.0
2022-09-17,196808,0.0,0.0,1106213,30737721.0
2022-09-17,196886,0.0,0.0,459123,12779730.0
2022-09-17,196914,0.0,0.0,444122,12836910.0
2022-09-17,197123,0.0,0.0,459020,12779730.0
2022-09-17,197363,0.0,0.0,459135,14323590.0
2022-09-17,197380,0.0,0.0,1153280,35596457.0
2022-09-17,197413,0.0,0.0,462767,14323590.0
2022-09-17,197627,0.0,0.0,1156811,35596457.0
2022-09-17,197802,0.0,0.0,1142370,35367835.0
2022-09-17,198567,0.0,0.0,462767,14066280.0
2022-09-17,198884,0.0,0.0,462767,14295000.0
2022-09-17,199351,0.0,0.0,459122,14237820.0
2022-09-17,199806,0.0,0.0,462767,14380770.0
2022-09-17,200917,0.0,0.0,1145761,35081983.0
2022-09-17,201180,0.0,0.0,445214,14266410.0
2022-09-17,201279,0.0,0.0,1145898,35081983.0
2022-09-17,201587,0.0,0.0,1149811,35224863.0
2022-09-17,202109,0.0,0.0,459168,14037690.0
2022-09-17,202669,0.0,0.0,451730,14295000.0
2022-09-17,203650,0.0,0.0,462767,14295000.0
2022-09-17,203890,0.0,0.0,1142538,35081983.0
2022-09-17,204118,0.0,0.0,1153306,35282033.0
2022-09-17,204404,0.0,0.0,455614,14323590.0
2022-09-17,205373,0.0,0.0,462767,14209230.0
2022-09-17,205533,0.0,0.0,1127842,28851455.0
2022-09-17,206885,0.0,0.0,1153164,35539285.0
2022-09-17,207170,0.0,0.0,455735,14237820.0
2022-09-17,209208,0.0,0.0,459190,14380770.0
2022-09-17,209212,0.0,0.0,1121121,35825091.0
2022-09-17,209235,0.0,0.0,462767,14437950.0
2022-09-17,209382,0.0,0.0,1146293,35196297.0
2022-09-17,209749,0.0,0.0,1135633,35024741.0
2022-09-17,209752,0.0,0.0,462767,14037690.0
2022-09-17,210584,0.0,0.0,419788,12836910.0
2022-09-17,210793,0.0,0.0,1145798,34967697.0
2022-09-17,211386,0.0,0.0,459256,12865500.0
2022-09-17,211569,0.0,0.0,1087789,30480697.0
2022-09-17,211777,0.0,0.0,462767,12693960.0
2022-09-17,211798,0.0,0.0,1102723,30223499.0
2022-09-17,212153,0.0,0.0,462767,14295000.0
2022-09-17,212719,0.0,0.0,459128,14409360.0
2022-09-17,212720,0.0,0.0,462767,14323590.0
2022-09-17,212754,0.0,0.0,1153117,35539299.0
2022-09-17,212988,0.0,0.0,1135767,34967697.0
2022-09-17,213314,0.0,0.0,455607,14066280.0
2022-09-17,213320,0.0,0.0,1153392,35196297.0
2022-09-17,213427,0.0,0.0,1153416,35139155.0
2022-09-17,214303,0.0,0.0,455814,14295000.0
2022-09-17,214556,0.0,0.0,462767,14295000.0
2022-09-17,214768,0.0,0.0,445289,14295000.0
2022-09-17,215639,0.0,0.0,462767,14295000.0
2022-09-17,216744,0.0,0.0,1142271,35396387.0
2022-09-17,216776,0.0,0.0,462767,14295000.0
2022-09-17,217255,0.0,0.0,462767,14295000.0
2022-09-17,217626,0.0,0.0,455545,14295000.0
2022-09-17,217905,0.0,0.0,1146003,35396429.0
2022-09-17,217987,0.0,0.0,452116,14295000.0
2022-09-17,218849,0.0,0.0,448085,14295000.0
2022-09-17,219018,0.0,0.0,462767,14209230.0
2022-09-17,219112,0.0,0.0,1149466,35796507.0
2022-09-17,219353,0.0,0.0,1149651,35081917.0
2022-09-17,220207,0.0,0.0,462767,14209230.0
2022-09-17,220618,0.0,0.0,462767,14409360.0
2022-09-17,221306,0.0,0.0,455568,14295000.0
2022-09-17,221599,0.0,0.0,459122,14295000.0
2022-09-17,221943,0.0,0.0,462767,14209230.0
2022-09-17,222627,0.0,0.0,1153088,35739351.0
2022-09-17,222742,0.0,0.0,462767,14295000.0
2022-09-17,222936,0.0,0.0,441703,14123460.0
2022-09-17,223048,0.0,0.0,1153352,35653605.0
2022-09-17,223169,0.0,0.0,1153179,35710765.0
2022-09-17,223293,0.0,0.0,1073943,22478039.0
2022-09-17,223801,0.0,0.0,1123778,29708855.0
2022-09-17,223842,0.0,0.0,1124664,29994595.0
2022-09-17,224031,0.0,0.0,1142204,35682199.0
2022-09-17,224229,0.0,0.0,459026,12465240.0
2022-09-17,224812,0.0,0.0,462767,14009100.0
2022-09-17,224975,0.0,0.0,462767,14152050.0
2022-09-17,225081,0.0,0.0,459325,12465240.0
2022-09-17,225167,0.0,0.0,1149507,30109041.0
2022-09-17,225724,0.0,0.0,1139177,35710755.0
2022-09-17,225785,0.0,0.0,459256,14380770.0
2022-09-17,226024,0.0,0.0,1142160,35396429.0
2022-09-17,226049,0.0,0.0,432959,8691360.0
2022-09-17,226110,0.0,0.0,444256,8691360.0
2022-09-17,226422,0.0,0.0,462767,14295000.0
2022-09-17,226474,0.0,0.0,437169,8691360.0
2022-09-17,226962,0.0,0.0,1146243,35739351.0
2022-09-17,227398,0.0,0.0,462767,14352180.0
2022-09-17,227838,0.0,0.0,459186,14409360.0
2022-09-17,228633,0.0,0.0,455679,14295000.0
2022-09-17,229016,0.0,0.0,462767,14295000.0
2022-09-17,229468,0.0,0.0,429234,9749190.0
2022-09-17,231056,0.0,0.0,462767,14380770.0
2022-09-17,232115,0.0,0.0,1123320,28965967.0
2022-09-17,232127,0.0,0.0,433969,12436650.0
2022-09-17,233666,0.0,0.0,445214,14209230.0
2022-09-17,234237,0.0,0.0,1135717,35825091.0
2022-09-17,235711,0.0,0.0,1156811,35539281.0
2022-09-17,236197,0.0,0.0,462767,14380770.0
2022-09-17,236301,0.0,0.0,1076431,29051699.0
2022-09-17,236542,0.0,0.0,1156811,35710755.0
2022-09-17,236969,0.0,0.0,455536,14266410.0
2022-09-17,237318,0.0,0.0,462767,12836910.0
2022-09-17,237684,0.0,0.0,448023,12836910.0
2022-09-17,238353,0.0,0.0,462767,14380770.0
2022-09-17,238390,0.0,0.0,462767,14437950.0
2022-09-17,238439,0.0,0.0,1153166,35739357.0
2022-09-17,238540,0.0,0.0,451730,14209230.0
2022-09-17,238648,0.0,0.0,1153306,35739357.0
2022-09-17,239556,0.0,0.0,462767,14437950.0
2022-09-17,239773,0.0,0.0,1128111,35024813.0
2022-09-17,240245,0.0,0.0,1156811,35767917.0
2022-09-17,240959,0.0,0.0,455563,9920730.0
2022-09-17,241819,0.0,0.0,441578,14295000.0
2022-09-17,242576,0.0,0.0,462767,14380770.0
2022-09-17,243215,0.0,0.0,1135226,32252589.0
2022-09-17,243273,0.0,0.0,462767,14352180.0
2022-09-17,243622,0.0,0.0,397413,2029890.0
2022-09-17,243748,0.0,0.0,1149874,35739357.0
2022-09-17,244186,0.0,0.0,1153175,35767923.0
2022-09-17,245170,0.0,0.0,1153298,35767923.0
2022-09-17,245663,0.0,0.0,1156811,35767923.0
2022-09-17,246380,0.0,0.0,1145812,35710767.0
2022-09-17,246680,0.0,0.0,1156811,35367811.0
2022-09-17,246772,0.0,0.0,1153237,35796501.0
2022-09-17,247085,0.0,0.0,462767,14409360.0
2022-09-17,247332,0.0,0.0,1149666,35767923.0
2022-09-17,247892,0.0,0.0,1156811,35767923.0
2022-09-17,248610,0.0,0.0,459325,14266410.0
2022-09-17,250552,0.0,0.0,1153167,35767923.0
2022-09-17,251400,0.0,0.0,455748,14237820.0
2022-09-17,251559,0.0,0.0,447821,10092270.0
2022-09-17,251611,0.0,0.0,1149678,35710767.0
2022-09-17,251679,0.0,0.0,1135484,34967711.0
2022-09-17,251688,0.0,0.0,1098891,32309737.0
2022-09-17,252009,0.0,0.0,430152,10006500.0
2022-09-17,252864,0.0,0.0,462767,14380770.0
2022-09-17,253025,0.0,0.0,459190,14237820.0
2022-09-17,253185,0.0,0.0,1153293,35424939.0
2022-09-17,253214,0.0,0.0,462767,14380770.0
2022-09-17,253623,0.0,0.0,1146201,35796501.0
2022-09-17,253722,0.0,0.0,459246,14380770.0
2022-09-17,253768,0.0,0.0,1146232,34424565.0
2022-09-17,254162,0.0,0.0,462767,14380770.0
2022-09-17,255673,0.0,0.0,462767,14380770.0
2022-09-17,256028,0.0,0.0,462767,14380770.0
2022-09-17,256044,0.0,0.0,459135,14409360.0
2022-09-17,257483,0.0,0.0,462767,14380770.0
2022-09-17,257611,0.0,0.0,462767,14409360.0
2022-09-17,258049,0.0,0.0,1153416,35767917.0
2022-09-17,258328,0.0,0.0,1153166,35767917.0
2022-09-17,258443,0.0,0.0,462767,14380770.0
2022-09-17,260108,0.0,0.0,455627,14209230.0
2022-09-17,260195,0.0,0.0,462767,14323590.0
2022-09-17,260514,0.0,0.0,459325,14266410.0
2022-09-17,260928,0.0,0.0,459005,11922030.0
2022-09-17,260942,0.0,0.0,1052751,27994055.0
2022-09-17,261817,0.0,0.0,462767,14180640.0
2022-09-17,261893,0.0,0.0,1153292,35625035.0
2022-09-17,262122,0.0,0.0,1135102,35424991.0
2022-09-17,262245,0.0,0.0,1149702,35739347.0
2022-09-17,263457,0.0,0.0,1128427,35110593.0
2022-09-17,263618,0.0,0.0,462767,14209230.0
2022-09-17,263755,0.0,0.0,459186,14295000.0
2022-09-17,264093,0.0,0.0,438195,12693960.0
2022-09-17,264346,0.0,0.0,1156811,35539313.0
2022-09-17,264626,0.0,0.0,1153167,35367811.0
2022-09-17,264721,0.0,0.0,459256,14437950.0
2022-09-17,264923,0.0,0.0,462767,14237820.0
2022-09-17,265057,0.0,0.0,1153155,35739339.0
2022-09-17,265199,0.0,0.0,1146052,34910521.0
2022-09-17,265372,0.0,0.0,462767,14152050.0
2022-09-17,265675,0.0,0.0,1146067,35625039.0
2022-09-17,266795,0.0,0.0,462767,14409360.0
2022-09-17,266866,0.0,0.0,462767,14209230.0
2022-09-17,266913,0.0,0.0,1149807,35767917.0
2022-09-17,266950,0.0,0.0,1142467,35625045.0
2022-09-17,267474,0.0,0.0,1153164,35767917.0
2022-09-17,267857,0.0,0.0,1156811,35739357.0
2022-09-17,267975,0.0,0.0,1149505,35453547.0
2022-09-17,269563,0.0,0.0,441569,14295000.0
2022-09-17,269839,0.0,0.0,1125035,29251609.0
2022-09-17,270119,0.0,0.0,1139052,35596443.0
2022-09-17,270749,0.0,0.0,462767,14266410.0
2022-09-17,270817,0.0,0.0,1153311,35682203.0
2022-09-17,271208,0.0,0.0,462767,14380770.0
2022-09-17,271286,0.0,0.0,462767,14380770.0
2022-09-17,271601,0.0,0.0,1149544,35510713.0
2022-09-17,272449,0.0,0.0,1139226,34624711.0
2022-09-17,272477,0.0,0.0,462767,14180640.0
2022-09-17,273189,0.0,0.0,462767,14380770.0
2022-09-17,273849,0.0,0.0,1110623,32652673.0
2022-09-17,273919,0.0,0.0,455665,14295000.0
2022-09-17,275190,0.0,0.0,1156811,35825091.0
2022-09-17,275649,0.0,0.0,1149445,35596451.0
2022-09-17,275706,0.0,0.0,459256,14323590.0
2022-09-17,275775,0.0,0.0,1145795,34253139.0
2022-09-17,277098,0.0,0.0,1153237,35625035.0
2022-09-17,277242,0.0,0.0,462767,14323590.0
2022-09-17,277469,0.0,0.0,462767,14409360.0
2022-09-17,278246,0.0,0.0,1131928,35596465.0
2022-09-17,278583,0.0,0.0,1153298,35425007.0
2022-09-17,278872,0.0,0.0,459190,14380770.0
2022-09-17,279400,0.0,0.0,437449,14209230.0
2022-09-17,279566,0.0,0.0,459325,14352180.0
2022-09-17,279874,0.0,0.0,1149530,33795873.0
2022-09-17,280379,0.0,0.0,1149669,35796507.0
2022-09-17,280510,0.0,0.0,459149,14152050.0
2022-09-17,280716,0.0,0.0,448091,14352180.0
2022-09-17,282190,0.0,0.0,462767,3202080.0
2022-09-17,282708,0.0,0.0,455748,14237820.0
2022-09-17,283444,0.0,0.0,1135768,35510709.0
2022-09-17,284308,0.0,0.0,1156811,35710767.0
2022-09-17,285184,0.0,0.0,1156811,35767917.0
2022-09-17,286047,0.0,0.0,1153219,35767917.0
2022-09-17,286067,0.0,0.0,1156811,35767917.0
2022-09-17,286301,0.0,0.0,462767,14352180.0
2022-09-17,286459,0.0,0.0,459034,14323590.0
2022-09-17,287104,0.0,0.0,1135331,32395465.0
2022-09-17,287549,0.0,0.0,459256,14323590.0
2022-09-17,287570,0.0,0.0,1149847,35825091.0
2022-09-17,287682,0.0,0.0,1124146,32252567.0
2022-09-17,287728,0.0,0.0,462767,14409360.0
2022-09-17,287755,0.0,0.0,1132146,35510727.0
2022-09-17,288197,0.0,0.0,397404,9949320.0
2022-09-17,289846,0.0,0.0,1153175,34053095.0
2022-09-17,289889,0.0,0.0,459025,13980510.0
2022-09-17,290027,0.0,0.0,1146123,28708439.0
2022-09-17,290498,0.0,0.0,1149331,34996253.0
2022-09-17,291070,0.0,0.0,1145965,33967423.0
2022-09-17,291293,0.0,0.0,462767,14380770.0
2022-09-17,292622,0.0,0.0,462767,13580250.0
2022-09-17,293180,0.0,0.0,451687,13437300.0
2022-09-17,293564,0.0,0.0,1153183,35424959.0
2022-09-17,293762,0.0,0.0,1095320,33481193.0
2022-09-17,294340,0.0,0.0,455367,9920730.0
2022-09-17,294449,0.0,0.0,459186,14352180.0
2022-09-17,295061,0.0,0.0,1135740,35424947.0
2022-09-17,295115,0.0,0.0,459131,14295000.0
2022-09-17,296221,0.0,0.0,1153311,35767899.0
2022-09-17,296474,0.0,0.0,1145785,35167715.0
2022-09-17,297853,0.0,0.0,1149737,35110567.0
2022-09-17,297992,0.0,0.0,459129,13723200.0
2022-09-17,298349,0.0,0.0,1142593,35167715.0
2022-09-17,298413,0.0,0.0,462767,13894740.0
2022-09-17,298685,0.0,0.0,1156811,35167715.0
2022-09-17,299860,0.0,0.0,462767,14380770.0
2022-09-17,300994,0.0,0.0,1120851,28708439.0
2022-09-17,301091,0.0,0.0,452081,14123460.0
2022-09-17,301229,0.0,0.0,1153416,35024827.0
2022-09-17,301581,0.0,0.0,903482,23563939.0
2022-09-17,301607,0.0,0.0,1145855,35024827.0
2022-09-17,302005,0.0,0.0,1145811,35024827.0
2022-09-17,302898,0.0,0.0,459246,14266410.0
2022-09-17,302938,0.0,0.0,462767,14180640.0
2022-09-17,303029,0.0,0.0,462767,14266410.0
2022-09-17,303817,0.0,0.0,462767,14380770.0
2022-09-17,304138,0.0,0.0,1135545,35596437.0
2022-09-17,304167,0.0,0.0,459122,14266410.0
2022-09-17,305095,0.0,0.0,1124014,28708439.0
2022-09-17,305541,0.0,0.0,1156811,35282039.0
2022-09-17,306035,0.0,0.0,441650,14266410.0
2022-09-17,306506,0.0,0.0,459020,14066280.0
2022-09-17,306520,0.0,0.0,462767,14323590.0
2022-09-17,306936,0.0,0.0,462767,14037690.0
2022-09-17,307133,0.0,0.0,1153189,35167739.0
2022-09-17,307910,0.0,0.0,1153292,34996291.0
2022-09-17,308357,0.0,0.0,1153298,34939127.0
2022-09-17,308532,0.0,0.0,459054,14266410.0
2022-09-17,308629,0.0,0.0,459148,14266410.0
2022-09-17,308664,0.0,0.0,1153293,35282039.0
2022-09-17,309076,0.0,0.0,1153292,35196311.0
2022-09-17,309273,0.0,0.0,1149757,35596437.0
2022-09-17,309757,0.0,0.0,1586999,49548437.0
2022-09-17,310239,0.0,0.0,455638,14266410.0
2022-09-17,310516,0.0,0.0,433760,11464590.0
2022-09-17,310841,0.0,0.0,1110796,33024495.0
2022-09-17,311344,0.0,0.0,462767,14237820.0
2022-09-17,311908,0.0,0.0,462767,14437950.0
2022-09-17,312279,0.0,0.0,1146148,35767917.0
2022-09-17,313176,0.0,0.0,451730,14266410.0
2022-09-17,313708,0.0,0.0,1153311,35625035.0
2022-09-17,313751,0.0,0.0,1149743,35367815.0
2022-09-17,313833,0.0,0.0,1135728,35625035.0
2022-09-17,314450,0.0,0.0,462767,14352180.0
2022-09-17,314511,0.0,0.0,459148,13780380.0
2022-09-17,314742,0.0,0.0,1153219,35396353.0
2022-09-17,315783,0.0,0.0,1117075,34252921.0
2022-09-17,315884,0.0,0.0,455572,14152050.0
2022-09-17,316042,0.0,0.0,462767,14152050.0
2022-09-17,316074,0.0,0.0,1110622,34252921.0
2022-09-17,316225,0.0,0.0,462767,13780380.0
2022-09-17,316379,0.0,0.0,1153038,32424151.0
2022-09-17,316539,0.0,0.0,1146215,32938627.0
2022-09-17,317021,0.0,0.0,462767,14380770.0
2022-09-17,317932,0.0,0.0,462767,14380770.0
2022-09-17,318044,0.0,0.0,1145951,35053413.0
2022-09-17,318133,0.0,0.0,459186,14352180.0
2022-09-17,318421,0.0,0.0,1149748,35653599.0
2022-09-17,318951,0.0,0.0,1153173,35110567.0
2022-09-17,319188,0.0,0.0,455548,14352180.0
2022-09-17,319243,0.0,0.0,459148,14266410.0
2022-09-17,319313,0.0,0.0,1145752,35767917.0
2022-09-17,319529,0.0,0.0,459256,14266410.0
2022-09-17,320208,0.0,0.0,462767,14266410.0
2022-09-17,321334,0.0,0.0,462767,14180640.0
2022-09-17,321975,0.0,0.0,448153,14266410.0
2022-09-17,322431,0.0,0.0,462767,14209230.0
2022-09-17,322473,0.0,0.0,437924,13923330.0
2022-09-17,322545,0.0,0.0,1153046,34824809.0
2022-09-17,323236,0.0,0.0,1156811,34824809.0
2022-09-17,323693,0.0,0.0,1153183,35081983.0
2022-09-17,323850,0.0,0.0,437874,14295000.0
2022-09-17,324180,0.0,0.0,1139236,34967697.0
2022-09-17,324946,0.0,0.0,462767,14295000.0
2022-09-17,325669,0.0,0.0,1149737,35682177.0
2022-09-17,325779,0.0,0.0,1156811,35682177.0
2022-09-17,325883,0.0,0.0,1153249,35653589.0
2022-09-17,326322,0.0,0.0,455686,14209230.0
2022-09-17,327073,0.0,0.0,459190,14323590.0
2022-09-17,328534,0.0,0.0,1124896,33138407.0
2022-09-17,329098,0.0,0.0,1149678,34396079.0
2022-09-17,330105,0.0,0.0,1153171,35510701.0
2022-09-17,330578,0.0,0.0,462767,14380770.0
2022-09-17,330914,0.0,0.0,1153166,35510701.0
2022-09-17,331050,0.0,0.0,462767,14380770.0
2022-09-17,332262,0.0,0.0,1124974,35482149.0
2022-09-17,332283,0.0,0.0,462767,14352180.0
2022-09-17,332493,0.0,0.0,1135304,35482149.0
2022-09-17,332759,0.0,0.0,1153392,35482149.0
2022-09-17,332977,0.0,0.0,459129,14380770.0
2022-09-17,333102,0.0,0.0,459190,14380770.0
2022-09-17,334160,0.0,0.0,-349440,-14495130.0
2022-09-17,334209,0.0,0.0,459148,14380770.0
2022-09-17,334250,0.0,0.0,1156811,35567869.0
2022-09-17,336408,0.0,0.0,1153117,34939131.0
2022-09-17,336943,0.0,0.0,459246,13122810.0
2022-09-17,338218,0.0,0.0,462767,14209230.0
2022-09-17,338601,0.0,0.0,1149714,35739327.0
2022-09-17,338654,0.0,0.0,1156811,35396375.0
2022-09-17,338656,0.0,0.0,1128469,35739327.0
2022-09-17,339069,0.0,0.0,462767,14409360.0
2022-09-17,339306,0.0,0.0,459025,13637430.0
2022-09-17,339398,0.0,0.0,1149661,33224335.0
2022-09-17,339745,0.0,0.0,459034,10292400.0
2022-09-17,340173,0.0,0.0,462767,14209230.0
2022-09-17,340374,0.0,0.0,1153198,35339231.0
2022-09-17,340533,0.0,0.0,1106284,24135501.0
2022-09-17,340621,0.0,0.0,462767,14266410.0
2022-09-17,340843,0.0,0.0,1145899,35282039.0
2022-09-17,341523,0.0,0.0,459325,14123460.0
2022-09-17,342474,0.0,0.0,459149,14266410.0
2022-09-17,342576,0.0,0.0,1131347,35339199.0
2022-09-17,343373,0.0,0.0,1096671,34310471.0
2022-09-17,343500,0.0,0.0,455509,14037690.0
2022-09-17,343577,0.0,0.0,1156811,35796489.0
2022-09-17,344292,0.0,0.0,459246,14266410.0
2022-09-17,345470,0.0,0.0,1153173,35625017.0
2022-09-17,345780,0.0,0.0,462767,14266410.0
2022-09-17,345796,0.0,0.0,1153182,35539307.0
2022-09-17,346148,0.0,0.0,1135760,35339231.0
2022-09-17,346402,0.0,0.0,448149,11064330.0
2022-09-17,346574,0.0,0.0,462767,14209230.0
2022-09-17,346629,0.0,0.0,462767,14380770.0
2022-09-17,347100,0.0,0.0,1113059,34910509.0
2022-09-17,347245,0.0,0.0,1149821,35710763.0
2022-09-17,349019,0.0,0.0,1153311,35510701.0
2022-09-17,349071,0.0,0.0,448032,14380770.0
2022-09-17,349116,0.0,0.0,459190,14266410.0
2022-09-17,349369,0.0,0.0,1138377,31109519.0
2022-09-17,349772,0.0,0.0,1156811,35510701.0
2022-09-17,350016,0.0,0.0,1092404,34910509.0
2022-09-17,351438,0.0,0.0,462767,14237820.0
2022-09-17,352004,0.0,0.0,459168,14380770.0
2022-09-17,353216,0.0,0.0,1153183,33167023.0
2022-09-17,353573,0.0,0.0,462767,13094220.0
2022-09-17,353649,0.0,0.0,459256,13122810.0
2022-09-17,353753,0.0,0.0,459135,14380770.0
2022-09-17,354002,0.0,0.0,459122,14266410.0
2022-09-17,354286,0.0,0.0,462767,14266410.0
2022-09-17,354862,0.0,0.0,1153311,35767917.0
2022-09-17,355118,0.0,0.0,462767,14352180.0
2022-09-17,355438,0.0,0.0,1146330,35339199.0
2022-09-17,355489,0.0,0.0,455628,14266410.0
2022-09-17,355496,0.0,0.0,1149754,35339199.0
2022-09-17,355933,0.0,0.0,462767,14209230.0
2022-09-17,356161,0.0,0.0,1134989,35224905.0
2022-09-17,356331,0.0,0.0,1156811,35339199.0
2022-09-17,356343,0.0,0.0,462767,14266410.0
2022-09-17,356510,0.0,0.0,1131991,35339199.0
2022-09-17,357016,0.0,0.0,1149642,35339199.0
2022-09-17,357370,0.0,0.0,459122,14266410.0
2022-09-17,358110,0.0,0.0,1149681,35796507.0
2022-09-17,358323,0.0,0.0,1135562,35453527.0
2022-09-17,358374,0.0,0.0,459135,14066280.0
2022-09-17,358780,0.0,0.0,1128574,35510673.0
2022-09-17,358841,0.0,0.0,1138499,35539263.0
2022-09-17,359158,0.0,0.0,1153298,35539263.0
2022-09-17,359168,0.0,0.0,462767,14295000.0
2022-09-17,359339,0.0,0.0,462767,14123460.0
2022-09-17,359881,0.0,0.0,1132333,34881989.0
2022-09-17,360048,0.0,0.0,440668,10120860.0
2022-09-17,360154,0.0,0.0,459148,14123460.0
2022-09-17,360227,0.0,0.0,455428,14295000.0
2022-09-17,360269,0.0,0.0,1131530,34967689.0
2022-09-17,360451,0.0,0.0,451940,10120860.0
2022-09-17,360905,0.0,0.0,462767,14180640.0
2022-09-17,361717,0.0,0.0,462767,14266410.0
2022-09-17,362981,0.0,0.0,1059419,28537583.0
2022-09-17,362987,0.0,0.0,1073502,28537571.0
2022-09-17,363077,0.0,0.0,1106386,29623857.0
2022-09-17,363543,0.0,0.0,1128006,29623857.0
2022-09-17,363555,0.0,0.0,1095358,29623857.0
2022-09-17,363588,0.0,0.0,1102725,29623857.0
2022-09-17,363866,0.0,0.0,459168,14352180.0
2022-09-17,364088,0.0,0.0,1146079,35339237.0
2022-09-17,364183,0.0,0.0,462767,14352180.0
2022-09-17,364271,0.0,0.0,1153183,35682179.0
2022-09-17,366027,0.0,0.0,1135765,35653595.0
2022-09-17,366684,0.0,0.0,462767,14266410.0
2022-09-17,366757,0.0,0.0,1153352,35253495.0
2022-09-17,367386,0.0,0.0,1153352,35567847.0
2022-09-17,368201,0.0,0.0,462767,14323590.0
2022-09-17,368557,0.0,0.0,1120769,34252921.0
2022-09-17,368702,0.0,0.0,455548,13237170.0
2022-09-17,369415,0.0,0.0,462767,14237820.0
2022-09-17,370235,0.0,0.0,1146063,34824799.0
2022-09-17,370712,0.0,0.0,1156811,35625017.0
2022-09-17,371669,0.0,0.0,459011,14037690.0
2022-09-17,371925,0.0,0.0,462767,14209230.0
2022-09-17,372837,0.0,0.0,1146071,34967697.0
2022-09-17,372988,0.0,0.0,1105198,24421235.0
2022-09-17,373049,0.0,0.0,462767,14266410.0
2022-09-17,374139,0.0,0.0,1142234,34710467.0
2022-09-17,374179,0.0,0.0,459129,14180640.0
2022-09-17,374301,0.0,0.0,462767,14180640.0
2022-09-17,374968,0.0,0.0,459246,10006500.0
2022-09-17,375306,0.0,0.0,445214,14266410.0
2022-09-17,375468,0.0,0.0,452196,14409360.0
2022-09-17,375890,0.0,0.0,1142797,35081983.0
2022-09-17,375913,0.0,0.0,1156811,34967689.0
2022-09-17,377718,0.0,0.0,1128118,35625041.0
2022-09-17,377922,0.0,0.0,1149560,35625041.0
2022-09-17,378489,0.0,0.0,462767,14295000.0
2022-09-17,378737,0.0,0.0,1149541,33824461.0
2022-09-17,378934,0.0,0.0,1106027,34881935.0
2022-09-17,379143,0.0,0.0,462767,14037690.0
2022-09-17,379417,0.0,0.0,1128549,34967697.0
2022-09-17,379887,0.0,0.0,1131946,35024713.0
2022-09-17,380767,0.0,0.0,462767,14409360.0
2022-09-17,381073,0.0,0.0,462767,14066280.0
2022-09-17,381107,0.0,0.0,1134880,34967697.0
2022-09-17,381402,0.0,0.0,1153298,35081983.0
2022-09-17,382412,0.0,0.0,1153416,35539305.0
2022-09-17,383002,0.0,0.0,1149540,34396041.0
2022-09-17,383688,0.0,0.0,1153152,34481769.0
2022-09-17,383969,0.0,0.0,1098152,34310321.0
2022-09-17,385601,0.0,0.0,459246,14266410.0
2022-09-17,386456,0.0,0.0,1156811,35510713.0
2022-09-17,387172,0.0,0.0,1149576,35510713.0
2022-09-17,387351,0.0,0.0,1138393,35081983.0
2022-09-17,387655,0.0,0.0,1146094,34824759.0
2022-09-17,387781,0.0,0.0,1138547,34310321.0
2022-09-17,387947,0.0,0.0,1149448,34881989.0
2022-09-17,388120,29587923.0,29115946.0,1153173,35739347.0
2022-09-17,388168,0.0,0.0,462767,14409360.0
2022-09-17,388363,0.0,0.0,1153088,32938413.0
2022-09-17,388464,0.0,0.0,455608,14066280.0
2022-09-17,388624,0.0,0.0,447944,14295000.0
2022-09-17,388806,0.0,0.0,1149650,34481767.0
2022-09-17,388952,0.0,0.0,1153152,35396375.0
2022-09-17,389451,0.0,0.0,459135,14094870.0
2022-09-17,389824,0.0,0.0,1153311,34824759.0
2022-09-17,390159,0.0,0.0,459135,14123460.0
2022-09-17,390237,0.0,0.0,1142115,34310321.0
2022-09-17,390752,0.0,0.0,1132260,35482111.0
2022-09-17,391043,0.0,0.0,451730,14180640.0
2022-09-17,391126,0.0,0.0,1156811,35482111.0
2022-09-17,391138,0.0,0.0,462767,14180640.0
2022-09-17,391224,0.0,0.0,1131188,35482111.0
2022-09-17,391684,0.0,0.0,462767,14352180.0
2022-09-17,391752,0.0,0.0,455628,14295000.0
2022-09-17,392241,0.0,0.0,1156811,35396397.0
2022-09-17,392636,0.0,0.0,1156811,35453593.0
2022-09-17,392676,0.0,0.0,1153392,35425007.0
2022-09-17,392952,0.0,0.0,462767,14380770.0
2022-09-17,393004,0.0,0.0,1128064,34996133.0
2022-09-17,393934,0.0,0.0,459128,14237820.0
2022-09-17,394017,0.0,0.0,1156811,35539303.0
2022-09-17,394821,0.0,0.0,1114291,35396379.0
2022-09-17,395318,0.0,0.0,1124622,35796501.0
2022-09-17,396684,0.0,0.0,1023560,27022403.0
2022-09-17,396916,0.0,0.0,1142549,35539285.0
2022-09-17,397218,0.0,0.0,1149819,34681885.0
2022-09-17,397768,0.0,0.0,462767,14209230.0
2022-09-17,397794,0.0,0.0,1149540,35310639.0
2022-09-17,398309,0.0,0.0,445289,14295000.0
2022-09-17,398633,0.0,0.0,1156811,35567877.0
2022-09-17,398713,0.0,0.0,1146248,35767917.0
2022-09-17,398826,0.0,0.0,455607,14409360.0
2022-09-17,398973,0.0,0.0,1104020,35339199.0
2022-09-17,399194,0.0,0.0,1142333,35625019.0
2022-09-17,399312,0.0,0.0,1149787,35653595.0
2022-09-17,399863,0.0,0.0,1149614,35767917.0
2022-09-17,400132,0.0,0.0,1153164,35682191.0
2022-09-17,401364,0.0,0.0,462767,14380770.0
2022-09-17,401642,0.0,0.0,462767,13523070.0
2022-09-17,401793,0.0,0.0,437449,13523070.0
2022-09-17,402494,0.0,0.0,1153198,35739357.0
2022-09-17,402627,0.0,0.0,1113531,27136745.0
2022-09-17,402645,0.0,0.0,1156811,34767625.0
2022-09-17,402672,0.0,0.0,459246,14123460.0
2022-09-17,403497,0.0,0.0,462767,14409360.0
2022-09-17,403816,0.0,0.0,1149651,35253493.0
2022-09-17,403878,0.0,0.0,459256,14180640.0
2022-09-17,404068,0.0,0.0,459148,14323590.0
2022-09-17,404378,0.0,0.0,455693,14295000.0
2022-09-17,404850,0.0,0.0,462767,14266410.0
2022-09-17,405316,0.0,0.0,462767,14323590.0
2022-09-17,405341,0.0,0.0,1149762,35339231.0
2022-09-17,406080,0.0,0.0,462767,13523070.0
2022-09-17,406615,0.0,0.0,462767,13208580.0
2022-09-17,406705,0.0,0.0,462767,14323590.0
2022-09-17,407047,0.0,0.0,441548,13523070.0
2022-09-17,407132,0.0,0.0,1153219,34167443.0
2022-09-17,407240,0.0,0.0,419314,13523070.0
2022-09-17,408105,0.0,0.0,459026,13523070.0
2022-09-17,408252,0.0,0.0,455451,13494480.0
2022-09-17,408770,0.0,0.0,437449,13523070.0
2022-09-17,409543,0.0,0.0,1145992,35196331.0
2022-09-17,409680,30181364.0,29723928.0,1153164,35767917.0
2022-09-17,410257,0.0,0.0,459325,14266410.0
2022-09-17,410910,0.0,0.0,462767,14409360.0
2022-09-17,411277,0.0,0.0,1138423,34253087.0
2022-09-17,411831,0.0,0.0,1149458,35139185.0
2022-09-17,411875,0.0,0.0,1156811,35767917.0
2022-09-17,412092,0.0,0.0,459128,14323590.0
2022-09-17,412221,0.0,0.0,459325,14380770.0
2022-09-17,412468,0.0,0.0,459325,14323590.0
2022-09-17,412796,0.0,0.0,459135,13923330.0
2022-09-17,415181,0.0,0.0,1153298,34167443.0
2022-09-17,415199,0.0,0.0,451821,13523070.0
2022-09-17,415793,0.0,0.0,459256,14152050.0
2022-09-17,415904,0.0,0.0,459256,14237820.0
2022-09-17,416448,0.0,0.0,1135868,35767917.0
2022-09-17,416761,0.0,0.0,1142033,35024871.0
2022-09-17,417187,0.0,0.0,1149636,35510673.0
2022-09-17,417396,0.0,0.0,445289,13923330.0
2022-09-17,417456,0.0,0.0,462767,14237820.0
2022-09-17,417492,0.0,0.0,1138815,35510673.0
2022-09-17,417642,0.0,0.0,1149397,35510673.0
2022-09-17,417944,0.0,0.0,1139226,35682179.0
2022-09-17,418238,0.0,0.0,1145729,33824405.0
2022-09-17,418307,0.0,0.0,438123,13666020.0
2022-09-17,418780,0.0,0.0,462767,14209230.0
2022-09-17,420415,0.0,0.0,1111330,32052521.0
2022-09-17,420591,0.0,0.0,459005,9977910.0
2022-09-17,420936,0.0,0.0,462767,10035090.0
2022-09-17,421191,0.0,0.0,1153202,34167443.0
2022-09-17,421209,0.0,0.0,1131806,34167443.0
2022-09-17,421345,0.0,0.0,1153089,34167443.0
2022-09-17,421890,0.0,0.0,1153237,34167443.0
2022-09-17,421971,0.0,0.0,437306,14094870.0
2022-09-17,422241,0.0,0.0,1073297,29451447.0
2022-09-17,422274,0.0,0.0,459122,11950620.0
2022-09-17,422881,0.0,0.0,445214,14237820.0
2022-09-17,423082,0.0,0.0,462767,14209230.0
2022-09-17,423213,0.0,0.0,455546,3173490.0
2022-09-17,423275,0.0,0.0,1063318,34881935.0
2022-09-17,423590,0.0,0.0,462767,14094870.0
2022-09-17,424649,0.0,0.0,1105932,34881935.0
2022-09-17,424964,0.0,0.0,1149821,35196223.0
2022-09-17,425000,0.0,0.0,462767,14237820.0
2022-09-17,425660,0.0,0.0,447972,14094870.0
2022-09-17,426532,0.0,0.0,459002,14323590.0
2022-09-17,428287,0.0,0.0,1105950,33395257.0
2022-09-17,428569,0.0,0.0,462767,14123460.0
2022-09-17,428603,0.0,0.0,459128,14123460.0
